{
  "no_log": {
    "wall_time_sec": 10.592206478118896,
    "tokens_generated": 3119,
    "tokens_per_sec": 294.4617824853725
  },
  "log": {
    "wall_time_sec": 8.615347385406494,
    "tokens_generated": 3119,
    "tokens_per_sec": 362.02835016069844
  }
}